domain	count	owner	committed_capability	deterministic_evidence	browser25_evidence	missing_acceptance	next_stage
restore-reference	1 actor identity chain	stdlib EntityStore and WorldHarness; Web equipment projection	owner epoch replacement plus create/resolve reference	non-Classic restore 4/4 includes old ref/access stale and new ref pointer	epoch changed, lifetime preserved, restored state and new UI pointer PASS	old ref was not resolved by Authority in Browser	V2-BROWSER-DEATH-REFERENCE-01
death-settlement	3 producers plus 1 Classic policy	stdlib Vitals/Combat/Needs; Classic Playbook policy	atomic bag/cursor/crafting/equipment settlement and player retain	Combat 11/11; direct Vitals 11/11; Needs 12/12 plus mixed 13/13; Classic 4/4, 3/3, 18/18, 9/9	NOT_ASSERTED	normal hostile causality, exact drops, armor post-hit durability, no duplication in Browser	V2-BROWSER-DEATH-REFERENCE-01
respawn-ui	1 player action	stdlib ActorVitals; Web BrowserGameplay and death overlay	dead-only respawn to spawn plus formal Web action/save queue	partial coverage in existing survival/persistence/difficulty suites	NOT_ASSERTED	overlay click, alive/spawn, empty containers, retained drops, resumed input	V2-BROWSER-DEATH-REFERENCE-01
armor-definitions	16	Classic Playbook items and recipes	4 tiers x 4 slots with points, max durability and recipe	5 registration samples plus iron recipes; generation source reviewed	5 iron items crafted, 4 iron slots exercised	all 16 ids/recipes/slot/points/durability mechanical matrix	V2-ARMOR-16-MATRIX
armor-pointer	4 slots	stdlib inventory pointer; Web equipment UI	click, wrong-slot reject, occupied swap, quick-move, close settlement and shared revision	non-Classic restore 4/4 plus focused pointer/UI suites; generic destination-full is atomic	4 iron slots, extra helmet, wrong-slot, swap, quick-move, close, restore PASS	Classic-family full-bag representative and non-iron variants	V2-ARMOR-16-MATRIX
armor-combat-death	16 definitions share generic policy	stdlib registered combat and Classic death policy	points reduction, each equipped durable item wear/break, lethal post-hit equipment drop	iron chestplate hit/restore, iron helmet lethal, armor math and exact policy drops	NOT_ASSERTED; stone pickaxe durability is unrelated	real hostile armor wear/break and dropped remaining durability	V2-BROWSER-DEATH-REFERENCE-01 then V2-ARMOR-16-MATRIX
catalog-total	194	Classic Playbook content composition	194 unique item registrations and 134 unique recipes in BUILD16 Pack	static Pack enumeration only; domain tests are partial	selected C0-C5/V1/V2 route only	per-family real entry, presentation, save and atomic failure closure	V2-CATALOG-FAMILY-CLOSURE
capability-none	60	Classic Playbook domain modules or material references	no generic item capability; may be material/ammunition or domain-specific interaction	registration/reference coverage is partial	selected materials and domain items only	must classify by intended owner; raw materials need item-no-interaction, domain items need dedicated behavior	V2-CATALOG-FAMILY-CLOSURE
capability-consume	10	stdlib generic consume plus Classic content	registered consume capability	focused consume/needs tests exist	food subset in C3	all 10 success, remainder/full-bag/save family representatives	V2-CATALOG-FAMILY-CLOSURE
capability-place	79	stdlib block actions plus Classic voxel semantics	registered single-block placement capability	placement/structure tests are partial	selected blocks in C3/V1/V2/V5	all 79 classification plus collision/stale/unknown failure representatives; stateful structures separate	V2-CATALOG-FAMILY-CLOSURE and V3
capability-mine	15	stdlib block actions plus Classic tools	registered mining capability and durability	focused mining tests exist	wood and stone tool route; stone pickaxe durability 132/128/127	all 15 quality/drop/durability representatives	V2-CATALOG-FAMILY-CLOSURE
capability-melee	5	stdlib registered Combat plus Classic definitions	registered melee capability	combat suites exist	wood-sword C3 player attack	all 5 damage/durability/LOS representatives; hostile player death separately	V2-CATALOG-FAMILY-CLOSURE
capability-till	5	stdlib crop runtime plus Classic interaction declarations	registered till capability	focused agriculture tests are partial	NOT_ASSERTED	all 5 till, seed/grow/harvest/full-bag/restore family	V2-CATALOG-FAMILY-CLOSURE
capability-fluid-container	3	stdlib fluid handler plus Classic declarations	registered bucket capability	fluid bucket integration baseline exists	V1 bucket route PASS	all 3, milk remainder/multi-bucket/full-bag/save distinctions	V2-CATALOG-FAMILY-CLOSURE
capability-ranged	1	stdlib projectile owner plus Classic bow	bow declares arrow, damage, speed and lifetime	projectile tests are partial	NOT_ASSERTED	bow aim/ammunition/durability/hit/blocked/save plus snowball/egg domain interactions	V2-CATALOG-FAMILY-CLOSURE
capability-armor	16	stdlib generic armor owner plus Classic definitions	registered four-slot armor capability	partial deterministic coverage as above	full iron set plus extra helmet only	all 16 matrix and real combat/death representatives	V2-ARMOR-16-MATRIX
V3-structures-climb-transport	n/a	stdlib mechanisms plus Classic Playbook configuration	HEAD does not include current working model drafts	NOT_EVALUATED_IN_THIS_MAP	NOT_RUN	committed ownership, deterministic/save, then real Browser	separate V3 stages
V4-lighting	n/a	stdlib light owner plus Web renderer and Classic block declarations	HEAD excludes current working lighting edits	NOT_EVALUATED_IN_THIS_MAP	Browser25 visual applies to BUILD16 only, not dirty working changes	committed source/artifact plus multi-frame and quality-tier visual acceptance	separate V4 stages
