state	domain	path	head_sha256	working_sha256	disposition
tracked-modified	lighting	apps/web/src/app/scene/block-light-volume.ts	c2d3dd2fa6d51e222c500df11832aabe34ad8bb0771038854f510374ab2db794	a60a9d7383aa4297dc89e9724b85f3a4f7734441a6bbe7bd5faebcee2b5b108f	other-owner-working-not-committed
tracked-modified	lighting	apps/web/tests/integration/runtime/server/composition/classic-lighting.test.ts	d07dabe47106ca5c3ec5f7315c0ffcad1f9f3ac3d473ec17ad681c720bfcc933	b4ce0970584f47f1b400ae1c7582b45f9c3d8ccfbf6e1cc6095158489691d7da	other-owner-working-not-committed
tracked-modified	lighting	apps/web/tests/unit/app/block-light-volume.test.ts	edade6c8fcb36e25c168752d21a808717364d8064785d9d089034bcba869e705	ad7d68f7eb43460741934d24b96b06995d7bc90bc69670516b35efa300e00836	other-owner-working-not-committed
tracked-modified	cross-domain-public-api	packages/stdlib/src/server/composition/mod-api.ts	d10fc6a21afa06ca78a3d9e00315dd3ddd9dec3ec769ea3d06e91b4b01efe6c9	53a65707b3cc6d94520a43a348479e767033635b9bf5927f3b1d3bbdfcbb4a5c	shared-export-owner-handoff-required
tracked-modified	lighting	packages/stdlib/src/server/gameplay/light-sampler.ts	85553a1d94255b0f34a3ef85f155aa3d56d6232848a2c4a0636798389297f1f1	7df6e0973300e022c40ea1084c0b273e8a130f2ac20ca24d51fe5ab0b8c456e5	other-owner-working-not-committed
tracked-modified	lighting	packages/stdlib/src/world/voxel-light.ts	12cf06f1b8c402cd3d2d8cc41648abc7fe16eeb28d78e98f1a6c80d801a04f2d	134891d6c5607268d87551a9ea7a3eba2dc1b02a32508355389bf4fadd795a3d	other-owner-working-not-committed
tracked-modified	lighting	packages/stdlib/tests/world/voxel-light.test.ts	4874ae4b910c8dc51c342530c6094c9b40c468211e733d0bbdcb250ebbaf87b4	5df55734c62bd11e2cbd45c0814bce846b952aaa7b96e90bfe7262b5bf7c958e	other-owner-working-not-committed
tracked-modified	lighting	packages/stdlib/tests/world/voxel-semantics.test.ts	957f5b6f9ccda8f058bb9e88e8fe3edb52f255cd7d40dbe80b031611e9270f69	87056a0d0511607f2f40c20f60361fe0c3000dc5ac37dab7d0e85dea9e63e788	other-owner-working-not-committed
tracked-modified	lighting-classic	playbooks/classic/src/blocks.ts	2f1b06579a1bd9a841febf50d149d08ac768a808ed6d2d5e434aea57e6c81e95	123931c09a9613e4e5dcef1a7c24c2ccd89d11a183c70ea916f15306aa2da219	other-owner-working-not-committed
untracked	lighting	apps/web/src/app/scene/sky-visibility-volume.ts	NOT_FOUND	6a772e0111ffcf82b3277280d4e4c89ffded09e0bf8ed2b3dac0ebc2c1187f74	other-owner-working-not-committed
untracked	lighting	apps/web/src/app/scene/surface-lighting.ts	NOT_FOUND	519483088d6d3484a4e6f48ef9a5d29e86cc8a9acceaa06dc0a70216297cd575	other-owner-working-not-committed
untracked	lighting-test	apps/web/tests/unit/app/sky-visibility-volume.test.ts	NOT_FOUND	44bb0f26c8e31e4e65cf73745b106f240781e17285d62c7a3c8c0567056f9ea6	other-owner-working-not-committed
untracked	lighting-test	apps/web/tests/unit/app/surface-lighting-contract.test.ts	NOT_FOUND	c34e55c58647402db0fb1b0212cccea814ddddfe6a64523bf61c4387597d3a30	other-owner-working-not-committed
untracked	lighting-test	apps/web/tests/unit/app/surface-lighting-shader-source.test.ts	NOT_FOUND	861adbe484163a2f27afd78065d2eb40858b1c8b0131515bda39af022fbd281e	other-owner-working-not-committed
untracked	lighting-test	apps/web/tests/unit/app/surface-lighting.test.ts	NOT_FOUND	565ecaaa97e939841af997e54963b5eb7ee97f0701dd7fab58c17a7671684428	other-owner-working-not-committed
untracked	climb	packages/stdlib/src/server/gameplay/modules/climb-surface-model.ts	NOT_FOUND	30aed5cc8205c17f9cf6c549899c5569c5d25db1ac116b1926f999df2a74233a	other-owner-working-not-committed
untracked	route	packages/stdlib/src/server/gameplay/modules/route-definition.ts	NOT_FOUND	f89307f79f251c88de83f2eae91fc2dc5566598189c1eb7de6a3d08c491e629e	other-owner-working-not-committed
untracked	stateful-block	packages/stdlib/src/server/gameplay/modules/stateful-block-model.ts	NOT_FOUND	04949e2439399c580cd9e375ff17f3edd77cdb017422620ae01bcd9160351920	other-owner-working-not-committed
untracked	transport	packages/stdlib/src/server/gameplay/modules/transport-model.ts	NOT_FOUND	c67b37cb535ce51ff019efeea7d52447d7ab8fd9f5ebfdf091fb73b64532e06b	other-owner-working-not-committed
untracked	transport	packages/stdlib/src/server/gameplay/modules/transport-motion-model.ts	NOT_FOUND	b2f657e4ab69f997c4f9dc5fd650db161a15713029c63cc4ce551901536a2305	other-owner-working-not-committed
untracked	transport	packages/stdlib/src/server/gameplay/modules/transport-motion-values.ts	NOT_FOUND	df44b5afe5d5b845c497bc122ceb9f798b516eac7422b681d1ecf425bc7be48f	other-owner-working-not-committed
untracked	transport	packages/stdlib/src/server/gameplay/modules/transport-relation-model.ts	NOT_FOUND	05122d4d5fa3a1d36570427f98d90f4e80c58ed0c8e551d2b0d390d7b90632cf	other-owner-working-not-committed
untracked	climb-test	packages/stdlib/tests/server/climb-surface-model.test.ts	NOT_FOUND	a6d6169da3b7e0bd6bef1da898d9415d0fae9ba9504eca80f6b60d564c36724d	other-owner-working-not-committed
untracked	route-test	packages/stdlib/tests/server/route-definition-v1.test.ts	NOT_FOUND	14177e191031c3950fafaad5d4bcd1a431c93da3af2acd1a4aac7baea51f1ee5	other-owner-working-not-committed
untracked	stateful-block-test	packages/stdlib/tests/server/stateful-block-model.test.ts	NOT_FOUND	0507b4912a5872d7d3e8d04c7ee779197e20b9a91c2bee9d6a92a9f0e41b2f5a	other-owner-working-not-committed
untracked	transport-test	packages/stdlib/tests/server/transport-model.test.ts	NOT_FOUND	e183045b4c92c26e3404b1ec8e778cb77fd387170ae7cd93cf97c261b4581597	other-owner-working-not-committed
untracked	transport-test	packages/stdlib/tests/server/transport-motion-model.test.ts	NOT_FOUND	f09f2775fcc13bb454b147606bc6b5c68cbced31fd16567b465c5add7bd95ed8	other-owner-working-not-committed
untracked	lighting-test	packages/stdlib/tests/world/voxel-light-semantics-boundary.test.ts	NOT_FOUND	8d22b1d152804aeecdb45775845121f96ac561ca72307d5284618636580abc2b	other-owner-working-not-committed
untracked	lighting-classic-test	playbooks/classic/tests/voxel-light-semantics.test.ts	NOT_FOUND	eed96df09f8b071864fc707ce1bbf1a9a10c43d17922b5cdab548a24a99e0c40	other-owner-working-not-committed
