phase	index	call_id	step_id	start_ms	end_ms	position_x	position_y	position_z	yaw	pitch	target_yaw	raw_dx	clamped_dx	move_call_id	move_step_id	move_start_ms	move_end_ms	move_x	move_y	physics_tick	ack	on_ground	colliding	pointer_lock_boundary_before_move
correction	0	call@3535	pw:api@2377	112269.759	112272.478	69.55583739362123	32.6	0.5851294206764114	41.17000000000004	-26.79	-87.48308318071645	989.6391013901268	80	call@3541	pw:api@2379	112279.248	112289.923	411.9721077764466	270	12530	5766	true	false	false
correction	1	call@3545	pw:api@2381	112329.423	112331.797	69.39230994509148	32.6	0.38707929317700357	30.77000000000004	-26.79	-93.07765297220776	952.6742536323676	80	call@3551	pw:api@2383	112335.544	112339.361	491.9721077764466	270	12535	5771	true	false	false
correction	2	call@3555	pw:api@2385	112376.588	112379.067	69.39230994509148	32.6	0.38617787241326273	20.37000000000004	-26.79	-93.10217339142015	872.8628722416938	80	call@3561	pw:api@2387	112383.046	112391.222	571.9721077764466	270	12538	5774	true	false	false
correction	3	call@3565	pw:api@2389	112427.928	112430.092	69.39230994509148	32.6	0.38617787241326273	9.97000000000004	-26.79	-93.10217339142015	792.8628722416938	80	call@3571	pw:api@2391	112435.36	112440.413	651.9721077764466	270	12540	5776	true	false	false
correction	4	call@3575	pw:api@2393	112477.204	112479.119	69.39230994509148	32.6	0.38617787241326273	-0.42999999999996064	-26.79	-93.10217339142015	712.8628722416937	80	call@3581	pw:api@2395	112483.378	112490.322	731.9721077764466	270	12544	5780	true	false	false
correction	5	call@3585	pw:api@2397	112530.343	112532.305	69.39230994509148	32.6	0.38617787241326273	-10.829999999999961	-26.79	-93.10217339142015	632.8628722416938	80	call@3591	pw:api@2399	112536.407	112541.166	811.9721077764466	270	12547	5783	true	false	false
correction	6	call@3595	pw:api@2401	112577.378	112579.386	69.39230994509148	32.6	0.38617787241326273	-21.22999999999996	-26.79	-93.10217339142015	552.8628722416937	80	call@3601	pw:api@2403	112583.42	112590.133	891.9721077764466	270	12549	5785	true	false	false
correction	7	call@3605	pw:api@2405	112627.483	112629.552	69.39230994509148	32.6	0.38617787241326273	-31.62999999999996	-26.79	-93.10217339142015	472.86287224169376	80	call@3631	pw:api@2416	114232.203	114241.136	560	270	12552	5788	true	false	true
correction	8	call@3635	pw:api@2418	114277.861	114280.302	69.39230994509148	32.6	0.38617787241326273	-42.02999999999996	-26.79	-93.10217339142015	392.86287224169376	80	call@3641	pw:api@2420	114284.414	114289.309	640	270	12559	5797	true	false	false
correction	9	call@3645	pw:api@2422	114330.06	114335.546	69.39230994509148	32.6	0.38617787241326273	-52.42999999999996	-26.79	-93.10217339142015	312.8628722416938	80	call@3651	pw:api@2424	114344.922	114357.827	720	270	12561	5799	true	false	false
correction	10	call@3655	pw:api@2426	114394.45	114396.642	69.39230994509148	32.6	0.38617787241326273	-62.829999999999956	-26.79	-93.10217339142015	232.86287224169382	80	call@3661	pw:api@2428	114400.88	114406.197	800	270	12565	5803	true	false	false
correction	11	call@3665	pw:api@2430	114443.957	114446.133	69.39230994509148	32.6	0.38617787241326273	-73.22999999999996	-26.79	-93.10217339142015	152.86287224169376	80	call@3671	pw:api@2432	114450.412	114456.87	880	270	12569	5806	true	false	false
assertion	12	call@3675	pw:api@2434	114493.45	114495.526	69.39230994509148	32.6	0.38617787241326273	-83.62999999999997	-26.79	-93.10217339142015	72.86287224169372	72.86287224169372	NOT_RECORDED	NOT_RECORDED	NOT_RECORDED	NOT_RECORDED	NOT_RECORDED	NOT_RECORDED	12572	5809	true	false	false
