id	role	tick	ack	client_dx	client_dz	client_distance	client_reached	client_finite	server_dx	server_dz	server_distance	server_reached	server_finite	ready	fresh_vs_outer	strict_vs_outer	classifier_vs_first_reached	move_after
pw:api@6755	correctMouseToRoute first observation; earliest client-reached	18287	11510	0.0003814697265625	0.025352269411087036	0.025355139191978876	true	true	0.0006435721158339902	0.2364630309510537	0.23646390674186887	false	false	true	true	false	BASELINE_NOT_CLASSIFIED_AGAINST_ITSELF	true
pw:api@6759	first observation after old implementation sent one mouse move	18290	11513	0.0003814697265625	-0.08020281791687012	0.0802037251064993	false	false	0.00038177286175766767	0.025352262534450776	0.025355136878622665	true	true	true	true	false	drift	true
pw:api@6763	later old-implementation correction observation	18294	11517	0.0003814697265625	-0.08020281791687012	0.0802037251064993	false	false	0.00038177286175766767	-0.08020283609509382	0.08020374472687955	false	false	true	true	false	drift	true
pw:api@6767	later old-implementation correction observation	18298	11521	0.0003814697265625	-0.08020281791687012	0.0802037251064993	false	false	0.00038177286175766767	-0.08020283609509382	0.08020374472687955	false	false	true	true	false	drift	true
pw:api@6771	later old-implementation correction observation	18302	11525	0.0003814697265625	-0.08020281791687012	0.0802037251064993	false	false	0.00038177286175766767	-0.08020283609509382	0.08020374472687955	false	false	true	true	false	drift	true
pw:api@6775	later old-implementation correction observation	18306	11529	0.0003814697265625	-0.08020281791687012	0.0802037251064993	false	false	0.00038177286175766767	-0.08020283609509382	0.08020374472687955	false	false	true	true	false	drift	true
pw:api@6779	later old-implementation correction observation	18311	11534	0.0003814697265625	-0.08020281791687012	0.0802037251064993	false	false	0.00038177286175766767	-0.08020283609509382	0.08020374472687955	false	false	true	true	false	drift	true
pw:api@6783	later old-implementation correction observation	18314	11537	0.0003814697265625	-0.08020281791687012	0.0802037251064993	false	false	0.00038177286175766767	-0.08020283609509382	0.08020374472687955	false	false	true	true	false	drift	true
pw:api@6787	later old-implementation correction observation	18318	11541	0.0003814697265625	-0.08020281791687012	0.0802037251064993	false	false	0.00038177286175766767	-0.08020283609509382	0.08020374472687955	false	false	true	true	false	drift	true
pw:api@6791	later old-implementation correction observation	18322	11545	0.0003814697265625	-0.08020281791687012	0.0802037251064993	false	false	0.00038177286175766767	-0.08020283609509382	0.08020374472687955	false	false	true	true	false	drift	true
pw:api@6795	later old-implementation correction observation	18327	11550	0.0003814697265625	-0.08020281791687012	0.0802037251064993	false	false	0.00038177286175766767	-0.08020283609509382	0.08020374472687955	false	false	true	true	false	drift	true
pw:api@6808	later old-implementation correction observation	18337	11563	0.0003814697265625	-0.08020281791687012	0.0802037251064993	false	false	0.00038177286175766767	-0.08020283609509382	0.08020374472687955	false	false	true	true	false	drift	true
pw:api@6812	later old-implementation correction observation	18340	11566	0.0003814697265625	-0.08020281791687012	0.0802037251064993	false	false	0.00038177286175766767	-0.08020283609509382	0.08020374472687955	false	false	true	true	false	drift	true
pw:api@6816	later old-implementation correction observation	18344	11569	0.0003814697265625	-0.08020281791687012	0.0802037251064993	false	false	0.00038177286175766767	-0.08020283609509382	0.08020374472687955	false	false	true	true	false	drift	true
pw:api@6820	later old-implementation correction observation	18349	11574	0.0003814697265625	-0.08020281791687012	0.0802037251064993	false	false	0.00038177286175766767	-0.08020283609509382	0.08020374472687955	false	false	true	true	false	drift	true
pw:api@6824	later old-implementation correction observation	18352	11577	0.0003814697265625	-0.08020281791687012	0.0802037251064993	false	false	0.00038177286175766767	-0.08020283609509382	0.08020374472687955	false	false	true	true	false	drift	true
pw:api@6837	later old-implementation correction observation	18363	11589	0.0003814697265625	-0.08020281791687012	0.0802037251064993	false	false	0.00038177286175766767	-0.08020283609509382	0.08020374472687955	false	false	true	true	false	drift	true
pw:api@6841	later old-implementation correction observation	18368	11594	0.0003814697265625	-0.08020281791687012	0.0802037251064993	false	false	0.00038177286175766767	-0.08020283609509382	0.08020374472687955	false	false	true	true	false	drift	true
pw:api@6845	later old-implementation correction observation	18372	11598	0.0003814697265625	-0.08020281791687012	0.0802037251064993	false	false	0.00038177286175766767	-0.08020283609509382	0.08020374472687955	false	false	true	true	false	drift	false
