driver	pulse	down_ms	up_ms	budget_remaining_ms_approx	baseline_id	baseline_tick	baseline_ack	baseline_client_x	baseline_client_z	baseline_server_x	baseline_server_z	baseline_yaw	matched_id	matched_parent	matched_tick	matched_ack	matched_client_x	matched_client_z	matched_server_x	matched_server_z	matched_yaw	matched_grounded	matched_colliding	client_reached_keys	server_reached_keys	client_finite	server_finite	fresh	outer_strict	correction_observations	strict_correction_ids
1	1	675617.53	675701.26	40083.48100000003	pw:api@14844	26899	20319	92.66876220703125	-0.5008355379104614	92.66876421389405	-0.500835561937228	-173.0700000000012	pw:api@14914	expect@14913	27005	20429	92.4738998413086	-0.31765905022621155	92.6270975472274	-0.4591688952705613	-48.27000000000113	true	false	false	false	false	false	true	false	12	
1	2	677767.132	677852.059	37933.87900000007	pw:api@14914	27005	20429	92.4738998413086	-0.31765905022621155	92.6270975472274	-0.4591688952705613	-48.27000000000113	pw:api@14949	expect@14948	27042	20468	92.4048080444336	-0.04289426654577255	92.39844528771305	-0.16789426840578944	2.429999999998863	true	false	false	false	false	false	true	false	6	
1	3	677947.076	678032.349	37753.935000000056	pw:api@14949	27042	20468	92.4048080444336	-0.04289426654577255	92.39844528771305	-0.16789426840578944	2.429999999998863	pw:api@14959	expect@14958	27052	20478	92.41616821289062	0.23488350212574005	92.4104847948248	0.1376612871497661	2.169999999998863	true	false	false	false	false	false	true	false	2	
1	4	678065.32	678150.123	37635.69100000011	pw:api@14959	27052	20478	92.41616821289062	0.23488350212574005	92.4104847948248	0.1376612871497661	2.169999999998863	pw:api@14965	expect@14964	27058	20484	92.4332046508789	0.6958332657814026	92.42184417198716	0.40155017603865506	2.169999999998863	true	false	false	false	false	false	true	false	1	
1	5	678183.032	678267.283	37517.97900000005	pw:api@14965	27058	20484	92.4332046508789	0.6958332657814026	92.42184417198716	0.40155017603865506	2.169999999998863	pw:api@14971	expect@14970	27067	20493	92.44740295410156	1.1316217184066772	92.44456292631189	1.0566754591505099	2.169999999998863	true	false	false	false	false	false	true	false	1	
1	6	678431.967	678517.212	37269.04400000011	pw:api@14971	27067	20493	92.44740295410156	1.1316217184066772	92.44456292631189	1.0566754591505099	2.169999999998863	pw:api@14985	expect@14984	27081	20507	92.46414947509766	1.5063527822494507	92.4574525231016	1.381352754817734	2.5599999999988627	true	false	false	false	false	false	true	false	3	
1	7	678682.266	678767.84	37018.74500000011	pw:api@14985	27081	20507	92.46414947509766	1.5063527822494507	92.4574525231016	1.381352754817734	2.5599999999988627	pw:api@14999	expect@14998	27097	20523	92.48004913330078	1.8535749912261963	92.47687199516214	1.7841305325955117	2.429999999998863	true	false	false	false	false	false	true	false	3	
1	8	678931.138	679016.872	36769.87300000002	pw:api@14999	27097	20523	92.48004913330078	1.8535749912261963	92.47687199516214	1.7841305325955117	2.429999999998863	pw:api@15013	expect@15012	27112	20538	92.49510192871094	2.2007970809936523	92.4920914418939	2.1313527548177333	2.299999999998863	true	false	false	false	false	false	true	false	3	
1	9	679188.531	679272.197	36512.4800000001	pw:api@15013	27112	20538	92.49510192871094	2.2007970809936523	92.4920914418939	2.1313527548177333	2.299999999998863	pw:api@15027	expect@15026	27127	20552	92.51310729980469	2.725393056869507	92.50561037408248	2.525434677081349	1.909999999998863	true	false	false	true	false	true	true	false	3	pw:api@15023
1	10	683450.504	683534.555	32250.5070000001	pw:api@15027	27127	20552	92.51310729980469	2.725393056869507	92.50561037408248	2.525434677081349	1.909999999998863	pw:api@15098	expect@15097	27196	20625	92.37422180175781	2.768730401992798	92.47144287087116	2.8501846633958348	-122.89000000000117	true	false	false	false	false	false	true	false	12	
1	11	687599.564	687683.741	28101.447000000044	pw:api@15098	27196	20625	92.37422180175781	2.768730401992798	92.47144287087116	2.8501846633958348	-122.89000000000117	pw:api@15162	expect@15161	27260	20691	92.47525024414062	2.5347354412078857	92.37422064864893	2.645609624003851	-222.3400000000012	true	false	true	false	true	false	true	false	11	
2	12	691983.054	692066.643	23717.957000000053	pw:api@15169	27263	20694	92.54345703125	2.4517576694488525	92.51187571717237	2.493187271625618	-222.3400000000012	pw:api@15239	expect@15238	27337	20771	92.6241226196289	2.660090923309326	92.59073489762464	2.535090888558647	-347.140000000001	true	false	false	false	false	true	true	false	12	
2	13	696300.128	696384.805	19400.88300000003	pw:api@15239	27337	20771	92.6241226196289	2.660090923309326	92.59073489762464	2.535090888558647	-347.140000000001	pw:api@15310	expect@15309	27410	20847	92.3490219116211	2.6452224254608154	92.48803526644627	2.7012677942578476	-471.94000000000074	true	false	false	false	false	false	true	false	12	
2	14	702265.848	702350.514	13435.163000000059	pw:api@15310	27410	20847	92.3490219116211	2.6452224254608154	92.48803526644627	2.7012677942578476	-471.94000000000074	pw:api@15387	expect@15386	27488	20930	92.5404052734375	2.457841157913208	92.3906893161759	2.60355581106816	-586.0800000000005	true	false	true	false	true	false	true	false	12	
3	15	706631.326	706715.375	9069.685000000056	pw:api@15392	27491	20933	92.60678100585938	2.3954598903656006	92.54040233835688	2.4578411503791617	-586.0800000000005	pw:api@15462	expect@15461	27565	21010	92.67857360839844	2.593435764312744	92.64291394831777	2.426769159345664	-710.8800000000002	true	false	false	false	false	true	true	false	12	
3	16	710932.183	711016.9	4768.828000000096	pw:api@15462	27565	21010	92.67857360839844	2.593435764312744	92.64291394831777	2.426769159345664	-710.8800000000002	pw:api@15533	expect@15532	27637	21085	92.47209930419922	2.5931556224823	92.59524373001852	2.6581572092701995	-835.68	true	false	false	false	false	false	true	false	12	
3	17	716888.376	716974.813	-1187.3649999999907	pw:api@15533	27637	21085	92.47209930419922	2.5931556224823	92.59524373001852	2.6581572092701995	-835.68	pw:api@15610	expect@15609	27716	21168	92.6122817993164	2.3898332118988037	92.5017261451377	2.4912102479326967	-947.4799999999997	true	false	false	true	false	true	true	false	12	pw:api@15548,pw:api@15552,pw:api@15556,pw:api@15560,pw:api@15564,pw:api@15577,pw:api@15581,pw:api@15585,pw:api@15589,pw:api@15593,pw:api@15606
