 M	7811	f03047c2a69119a9f392a1b9fe3fec668b71569b86fd54007dccbfe62eed7972	.github/workflows/ci.yml
 M	20543	9c7318166e02d9d7c084dc663ab69f6e98f7699a4b6546152163be748cae34db	README.md
 M	17711	bb42a80a7677ce1b5db9bff2fe349b9dd9709e53d939152959078cb033020090	README.zh-CN.md
 M	1647	626dc10d3a7403d087b835ecf8cb72261a51b413634ba69fc490ccbe3afb7f44	apps/web/index.html
 M	8788	a60a9d7383aa4297dc89e9724b85f3a4f7734441a6bbe7bd5faebcee2b5b108f	apps/web/src/app/scene/block-light-volume.ts
 M	26268	53238691f95d058d2fb14c1933906c261db91d17d76ed7703a3da6840c19427d	apps/web/tests/e2e/classic-runtime.spec.ts
 M	11498	19631342600fc6f1dfda0e77818785c1b6c166836e6d3557ce3f594294e2aa22	apps/web/tests/e2e/classic-support/equipment-journey.ts
 M	3446	b4ce0970584f47f1b400ae1c7582b45f9c3d8ccfbf6e1cc6095158489691d7da	apps/web/tests/integration/runtime/server/composition/classic-lighting.test.ts
 M	5430	ad7d68f7eb43460741934d24b96b06995d7bc90bc69670516b35efa300e00836	apps/web/tests/unit/app/block-light-volume.test.ts
 M	65378	93cc4730a4225c6aeb3b412ea7a68a608abe5f169287e6d2180eafdf2f90e082	changes/2026-09-23-classic-functional-completion/spec.md
 M	13744	4e84ffeed6cad9055406eb21a10a9c9afd9256b7e9a8a15af6c7c4b0e1617d94	docs/harness-contracts.md
 M	6980	ef3b4be383073885364426b8abf4da0cbdad30e9a00de859ff71cca9c93793e8	package.json
 M	12419	53a65707b3cc6d94520a43a348479e767033635b9bf5927f3b1d3bbdfcbb4a5c	packages/stdlib/src/server/composition/mod-api.ts
 M	1349	7df6e0973300e022c40ea1084c0b273e8a130f2ac20ca24d51fe5ab0b8c456e5	packages/stdlib/src/server/gameplay/light-sampler.ts
 M	18726	d7c7ac5bbc97836df1fc59a97c4910a9a24bb975f8cc6f95c1572c74989adc49	packages/stdlib/src/server/harness/authority-world-harness.ts
 M	6562	bd9c7ef9db9acbad5d634d12eabab09dcfe39cdc00499e7027ffe20893b91dfc	packages/stdlib/src/server/harness/world-harness-contract.ts
 M	6764	5e2651670cf24f4ee0f6e0cf7587516e0a25b540568d676aee45faccb86486de	packages/stdlib/src/server/harness/world-harness-operations.ts
 M	9008	73cdb07f4911a5267686d4dd69c38517563f108b1cb42bccd218a1c65abe1208	packages/stdlib/src/server/harness/world-harness-validation.ts
 M	3232	134891d6c5607268d87551a9ea7a3eba2dc1b02a32508355389bf4fadd795a3d	packages/stdlib/src/world/voxel-light.ts
 M	3374	5df55734c62bd11e2cbd45c0814bce846b952aaa7b96e90bfe7262b5bf7c958e	packages/stdlib/tests/world/voxel-light.test.ts
 M	3981	87056a0d0511607f2f40c20f60361fe0c3000dc5ac37dab7d0e85dea9e63e788	packages/stdlib/tests/world/voxel-semantics.test.ts
 M	14242	123931c09a9613e4e5dcef1a7c24c2ccd89d11a183c70ea916f15306aa2da219	playbooks/classic/src/blocks.ts
??	16906	6a772e0111ffcf82b3277280d4e4c89ffded09e0bf8ed2b3dac0ebc2c1187f74	apps/web/src/app/scene/sky-visibility-volume.ts
??	4230	519483088d6d3484a4e6f48ef9a5d29e86cc8a9acceaa06dc0a70216297cd575	apps/web/src/app/scene/surface-lighting.ts
??	17264	faf7d0c11c0aeff3eb1bf2d823c5968d73517dd0f8bb4b4615fb42f36a5aeaf9	apps/web/tests/e2e/classic-support/equipment-restore-reference.test.ts
??	13128	44bb0f26c8e31e4e65cf73745b106f240781e17285d62c7a3c8c0567056f9ea6	apps/web/tests/unit/app/sky-visibility-volume.test.ts
??	1771	c34e55c58647402db0fb1b0212cccea814ddddfe6a64523bf61c4387597d3a30	apps/web/tests/unit/app/surface-lighting-contract.test.ts
??	1806	861adbe484163a2f27afd78065d2eb40858b1c8b0131515bda39af022fbd281e	apps/web/tests/unit/app/surface-lighting-shader-source.test.ts
??	5731	565ecaaa97e939841af997e54963b5eb7ee97f0701dd7fab58c17a7671684428	apps/web/tests/unit/app/surface-lighting.test.ts
??	2338	a4ce9e0add6f35b326c01ab47701d4e84dbbb6d0d9f03ca36b2f1e33a3c75f96	changes/2026-09-22-hotpath-allocation-baseline/spec.md
??	703	32b4200297692443e9cab619f904326112dc78461b6cc8dd0eb8d2aa8b568530	changes/2026-09-23-classic-functional-completion/evidence/v2-post-browser25-acceptance-gap-map-01/MANIFEST.sha256
??	16872	b3f12f9927a28ee590e0bc33f848b51e6941481d2d030c77d471bb3efbdf22ff	changes/2026-09-23-classic-functional-completion/evidence/v2-post-browser25-acceptance-gap-map-01/README.md
??	15053	7e1ddef19507041f4aa6a47db6a31d682e4f26ad390635fc2d53ef3f8b3463e0	changes/2026-09-23-classic-functional-completion/evidence/v2-post-browser25-acceptance-gap-map-01/SOURCE-MANIFEST.sha256
??	5721	ed6497058d5def22ec4260d53d7438b838f15c42f8104a05d7d64e979e80d53a	changes/2026-09-23-classic-functional-completion/evidence/v2-post-browser25-acceptance-gap-map-01/coverage.tsv
??	5867	14061523fca988d2ac34446224e816ca715802ad73e908bd8cc0f4a13a35ed95	changes/2026-09-23-classic-functional-completion/evidence/v2-post-browser25-acceptance-gap-map-01/delivery-validation.json
??	8610	11ccdd2e58054fb6495e9ab899c824b6453abea6aab3f0c5f0515b6f62273877	changes/2026-09-23-classic-functional-completion/evidence/v2-post-browser25-acceptance-gap-map-01/diagnosis.json
??	6069	bdbe8dc7cd606eb03a6eac5f46594dfb30e606c17a708457eff3c9d5c24c52e1	changes/2026-09-23-classic-functional-completion/evidence/v2-post-browser25-acceptance-gap-map-01/dirty-boundary.tsv
??	0	e3b0c44298fc1c149afbf4c8996fb92427ae41e4649b934ca495991b7852b855	changes/2026-09-23-classic-functional-completion/evidence/v2-post-browser25-acceptance-gap-map-01/final-selfcheck-02.stdout.log
??	1112	0059e9234bfdecb584b571b925c728b23c1400a6e885f627929041e335c97c0f	changes/2026-09-23-classic-functional-completion/evidence/v2-post-browser25-acceptance-gap-map-01/final-selfcheck-02.window.json.log
??	0	e3b0c44298fc1c149afbf4c8996fb92427ae41e4649b934ca495991b7852b855	changes/2026-09-23-classic-functional-completion/evidence/v2-post-browser25-acceptance-gap-map-01/final-selfcheck-03.stdout.log
??	1107	a3e38b239a2e45f457de0b9c96d6a610007db4b9145c31dd9ce808c5c7f3caac	changes/2026-09-23-classic-functional-completion/evidence/v2-post-browser25-acceptance-gap-map-01/final-selfcheck-03.window.json.log
??	0	e3b0c44298fc1c149afbf4c8996fb92427ae41e4649b934ca495991b7852b855	changes/2026-09-23-classic-functional-completion/evidence/v2-post-browser25-acceptance-gap-map-01/final-selfcheck-04.stdout.log
??	1110	483ab7199eaeb877891d3034fcea07d40b8fba1a6fb09fb8c44e073eae9c0f13	changes/2026-09-23-classic-functional-completion/evidence/v2-post-browser25-acceptance-gap-map-01/final-selfcheck-04.window.json.log
??	271	ec315b07589685e25e82419dda5a28f71a300e5890253eb85d29bde4a8702577	changes/2026-09-23-classic-functional-completion/evidence/v2-post-browser25-acceptance-gap-map-01/final-selfcheck-05.stdout.log
??	1106	57f61ecf59434820991f56db12049542a6944b4b4c477fd034d34a1d9a9b2102	changes/2026-09-23-classic-functional-completion/evidence/v2-post-browser25-acceptance-gap-map-01/final-selfcheck-05.window.json.log
??	271	ec315b07589685e25e82419dda5a28f71a300e5890253eb85d29bde4a8702577	changes/2026-09-23-classic-functional-completion/evidence/v2-post-browser25-acceptance-gap-map-01/final-selfcheck-06.stdout.log
??	1112	c9ee9ea1b55d6fc798d479c5b1e0ec24a397bc9c44b45593110f8c51935d771c	changes/2026-09-23-classic-functional-completion/evidence/v2-post-browser25-acceptance-gap-map-01/final-selfcheck-06.window.json.log
??	438	57654edbe1aa211eb2d8717bf286cf89bdb9d3b3528fb1e090e04bc7824c8a9f	changes/2026-09-23-classic-functional-completion/evidence/v2-post-browser25-acceptance-gap-map-01/final-selfcheck.stdout.log
??	1101	e58f6fd9cf61449f6512f8a49c2074939cd3a0fd46e4987603f0492544e331cf	changes/2026-09-23-classic-functional-completion/evidence/v2-post-browser25-acceptance-gap-map-01/final-selfcheck.window.json.log
??	6091	0362cdfdf417f6bbaa0bc3db4d68baa472f5883fb11cb10fcb817851f5514d97	changes/2026-09-23-classic-functional-completion/evidence/v2-post-browser25-acceptance-gap-map-01/final-selfcheck.zsh
??	140	5c9c51677fa96ef10f81b6190ad12854696b380b71bb911465e763065e0dc332	changes/2026-09-23-classic-functional-completion/evidence/v2-post-browser25-acceptance-gap-map-01/metadata-format-final.stdout.log
??	1093	78f7f1057bdde3b82aade1a2b92b27316d4a02344d6c87905ec94a9399e99cfe	changes/2026-09-23-classic-functional-completion/evidence/v2-post-browser25-acceptance-gap-map-01/metadata-format-final.window.json.log
??	753	b18cfdace9fc2bd8cd78052ba4a8e7752eb03a6b253f14ee1392ab7e6e96ad26	changes/2026-09-23-classic-functional-completion/evidence/v2-post-browser25-acceptance-gap-map-01/metadata-format.stdout.log
??	1086	4452bd27fa6963019f3172bd5dc3a283687eef1c7c8d6e6521e2529524887bdf	changes/2026-09-23-classic-functional-completion/evidence/v2-post-browser25-acceptance-gap-map-01/metadata-format.window.json.log
??	1600	6d8f64b1d3da2aefd2891bd2535537981547c448b3f2acf31422ccdeb446c1a3	changes/2026-09-23-classic-functional-completion/evidence/v2-restore-reference-baseline-control-01/MANIFEST.sha256
??	4208	eb6de94fe6921fe7c53d9ade59e6a64dd5200b54113921b3dedc9b494758a729	changes/2026-09-23-classic-functional-completion/evidence/v2-restore-reference-baseline-control-01/README.md
??	4425	27b1ec6c4bfc176fa878e351ebb0035b7d1411d9855c7f7c5c87671621074cf1	changes/2026-09-23-classic-functional-completion/evidence/v2-restore-reference-baseline-control-01/SOURCE-MANIFEST.sha256
??	2670	66ba549e036352fa41997989d12a3bf08d60251fe5ca087308e239716873ffd6	changes/2026-09-23-classic-functional-completion/evidence/v2-restore-reference-baseline-control-01/candidate-full.stdout.log
??	2872	cd8241813440b0a7a533361ab0061b9808983105e722fbe81a2ad5e9eef1491f	changes/2026-09-23-classic-functional-completion/evidence/v2-restore-reference-baseline-control-01/candidate-full.window.json.log
??	197	c988228f42459e7b6f3920e46162a82ad01f30fe44d5513d8d000ef5b24324a8	changes/2026-09-23-classic-functional-completion/evidence/v2-restore-reference-baseline-control-01/candidate-install.stdout.log
??	1078	22378ebd8ec9f68bf61dd6437872de28a76a19bfec3d51398fb702665bf08a2d	changes/2026-09-23-classic-functional-completion/evidence/v2-restore-reference-baseline-control-01/candidate-install.window.json.log
??	2143	b213292bc64d5c1db13e0825f7fb626e746c8790b401cb3a2d4bd77314c190dd	changes/2026-09-23-classic-functional-completion/evidence/v2-restore-reference-baseline-control-01/candidate-old-case.stdout.log
??	1297	69ed1ae76b329bb5e1ef75a02cfd562f7f00647d32095aaab399754da08af7b2	changes/2026-09-23-classic-functional-completion/evidence/v2-restore-reference-baseline-control-01/candidate-old-case.window.json.log
??	197	f28a28232e0b40ae4bd395e1b067a5caba4e0ba16f0ade7bd19e52b12532b182	changes/2026-09-23-classic-functional-completion/evidence/v2-restore-reference-baseline-control-01/control-install.stdout.log
??	1065	0e95b69d6d7e4bd30f688acb0f3bcd5ac639b390a79d520d6e8d0051f80bb192	changes/2026-09-23-classic-functional-completion/evidence/v2-restore-reference-baseline-control-01/control-install.window.json.log
??	2139	1be2f795b459e4f2323b867b12bd2d5cfc4ff2553b16d429c83258da4c5f5713	changes/2026-09-23-classic-functional-completion/evidence/v2-restore-reference-baseline-control-01/control-old-case.stdout.log
??	1293	23fe538e723d6847129d3eba4e9f885c47043dbcbda546e9daca7a03375a50b2	changes/2026-09-23-classic-functional-completion/evidence/v2-restore-reference-baseline-control-01/control-old-case.window.json.log
??	5734	6af1d46fccbb7e9884bcb481a933dc93d5c7fca0e1431cd0a9d6b357c430ac3e	changes/2026-09-23-classic-functional-completion/evidence/v2-restore-reference-baseline-control-01/delivery-validation.json
??	37473	90dec6d8edbfb7252cfc422f4f576c2d61fd2ec07d4cb1bd6b0a5b070be4a12d	changes/2026-09-23-classic-functional-completion/evidence/v2-restore-reference-baseline-control-01/dirty-preflight.tsv
??	1027	8a1304ed6fffa7727b666096320417a69a483e9da22511d68207ad756357c52e	changes/2026-09-23-classic-functional-completion/evidence/v2-restore-reference-baseline-control-01/final-selfcheck-02.stdout.log
??	1097	1bab0f2694bf37bda9ee3f5558f7ac98598c7410c52d74bdb5724d8b03d479f7	changes/2026-09-23-classic-functional-completion/evidence/v2-restore-reference-baseline-control-01/final-selfcheck-02.window.json.log
??	0	e3b0c44298fc1c149afbf4c8996fb92427ae41e4649b934ca495991b7852b855	changes/2026-09-23-classic-functional-completion/evidence/v2-restore-reference-baseline-control-01/final-selfcheck-03.stdout.log
??	1092	613610ff1bdc3f523496c21c97ce7b110a7ab52f132f46c47cae4b3a4823ece5	changes/2026-09-23-classic-functional-completion/evidence/v2-restore-reference-baseline-control-01/final-selfcheck-03.window.json.log
??	335	68724c97d51545b4cbdb563925f47fd316460e9c0c8bd828fa470d80ffbfe787	changes/2026-09-23-classic-functional-completion/evidence/v2-restore-reference-baseline-control-01/final-selfcheck-04.stdout.log
??	1989	68b47e50e4e701b2d8c46b8448b63623ad188383de13d41e9719073485cc87d3	changes/2026-09-23-classic-functional-completion/evidence/v2-restore-reference-baseline-control-01/final-selfcheck-04.window.json.log
??	335	68724c97d51545b4cbdb563925f47fd316460e9c0c8bd828fa470d80ffbfe787	changes/2026-09-23-classic-functional-completion/evidence/v2-restore-reference-baseline-control-01/final-selfcheck-05.stdout.log
??	1317	e7b75ae242f1ef7a0327e8833c5678fa40bea3a9f0c580189c7f9443145cb1f7	changes/2026-09-23-classic-functional-completion/evidence/v2-restore-reference-baseline-control-01/final-selfcheck-05.window.json.log
??	0	e3b0c44298fc1c149afbf4c8996fb92427ae41e4649b934ca495991b7852b855	changes/2026-09-23-classic-functional-completion/evidence/v2-restore-reference-baseline-control-01/final-selfcheck.stdout.log
??	1082	6b1263272ff068243a82f8ee019dc347ab821352aa26fbb6198a4cbf0347d508	changes/2026-09-23-classic-functional-completion/evidence/v2-restore-reference-baseline-control-01/final-selfcheck.window.json.log
??	7371	60f2b0815fa0194af77b6e82d2d253139ce92ccc8a86e8c20370fa9ef3f71a6a	changes/2026-09-23-classic-functional-completion/evidence/v2-restore-reference-baseline-control-01/final-selfcheck.zsh
??	4053	6db55f2b0d9107029b22f6d293eec9c7057413f25bfb8573421802f51e7403e8	changes/2026-09-23-classic-functional-completion/evidence/v2-restore-reference-baseline-control-01/identity.json
??	4248	459696919625b525107aafeead798336a8e182c7121d53b6ead9833095f92568	changes/2026-09-23-classic-functional-completion/evidence/v2-restore-reference-baseline-control-01/link-resolution.stdout.log
??	66	17aa973d3f004560237d9a95171210b0671deff23d61628eecf7322ff5938f20	changes/2026-09-23-classic-functional-completion/evidence/v2-restore-reference-baseline-control-01/metadata-format.stdout.log
??	1094	3b35d79c7cc516a6d64198d5143f6dca7bf27129b6bc65fa2a09b174e5ca3208	changes/2026-09-23-classic-functional-completion/evidence/v2-restore-reference-baseline-control-01/metadata-format.window.json.log
??	1296	9b11cfb47b2cefaa6a0998733866478eecc7fb48fdf2549364896c518171e67f	changes/2026-09-23-classic-functional-completion/evidence/v2-restore-reference-baseline-control-01/tree-identity.stdout.log
??	12251	a3982827133a7ee2e5443edc53972b3e12e25c6abefe2005c28eb237b6f55fac	changes/2026-09-23-classic-functional-completion/evidence/v2-restore-reference-observability-01/MANIFEST.sha256
??	1879	cd3e2efc274a69cccaa1ce10dcbaee391016af0599303288c4962c46ac7387f6	changes/2026-09-23-classic-functional-completion/evidence/v2-restore-reference-observability-01/README.md
??	4621	ea655a87c461b82c34812b7b396839dd73544e1718378ccacdad79dd6706212c	changes/2026-09-23-classic-functional-completion/evidence/v2-restore-reference-observability-01/SOURCE-MANIFEST.sha256
??	1449	5d25d33cc2177f439bffbf427e944f52bac1edb02b1008868617b374229bf058	changes/2026-09-23-classic-functional-completion/evidence/v2-restore-reference-observability-01/affected-tests-final.stdout.log
??	2493	d8f393e7d6d4919297bd0f70f5e8e1335657ce5450475861f656c7ec5517b177	changes/2026-09-23-classic-functional-completion/evidence/v2-restore-reference-observability-01/affected-tests-final.window.json.log
??	1449	80f9e7743e0f86698b9d2a285cf23a12e52562f8921a6efd5424068df79ee0ba	changes/2026-09-23-classic-functional-completion/evidence/v2-restore-reference-observability-01/affected-tests-sealed.stdout.log
??	2511	fb6e5dca20192c8a13f92ea5936997085bcf5335f1e0433a01caa1b71e3e2d08	changes/2026-09-23-classic-functional-completion/evidence/v2-restore-reference-observability-01/affected-tests-sealed.window.json.log
??	2061	224250a24e14699c55c69f4cfaf51c46eb127e252e49b6da35e82155c47673ab	changes/2026-09-23-classic-functional-completion/evidence/v2-restore-reference-observability-01/classic-test-types-final-02.stdout.log
??	1180	28396133e5abf2229fff3e1d9d1ae39bd3ad54db8eecd16e6af80baba0f874f4	changes/2026-09-23-classic-functional-completion/evidence/v2-restore-reference-observability-01/classic-test-types-final-02.window.json.log
??	0	e3b0c44298fc1c149afbf4c8996fb92427ae41e4649b934ca495991b7852b855	changes/2026-09-23-classic-functional-completion/evidence/v2-restore-reference-observability-01/classic-test-types-final-03.stdout.log
??	1182	41f2b3cb97f505ab2c10edce0f4e4ea9f540393e3402e0dcc7fc23cfab92b751	changes/2026-09-23-classic-functional-completion/evidence/v2-restore-reference-observability-01/classic-test-types-final-03.window.json.log
??	3424	de98063166b5a87f75365987186f56ca5b217f4f32985480705892c0b7ed276f	changes/2026-09-23-classic-functional-completion/evidence/v2-restore-reference-observability-01/classic-test-types-final.stdout.log
??	1175	626829b639d470edb9a4e23b969e7f39e5900cccafb09e3f7f5d4b9b8b092587	changes/2026-09-23-classic-functional-completion/evidence/v2-restore-reference-observability-01/classic-test-types-final.window.json.log
??	0	e3b0c44298fc1c149afbf4c8996fb92427ae41e4649b934ca495991b7852b855	changes/2026-09-23-classic-functional-completion/evidence/v2-restore-reference-observability-01/classic-test-types-green-02.stdout.log
??	1182	b551eb87bf7c2468fd8a83508d73132f35d3686fe34e819736934599b54379e4	changes/2026-09-23-classic-functional-completion/evidence/v2-restore-reference-observability-01/classic-test-types-green-02.window.json.log
??	835	ce63c67aa3bb49abf904a6419a66ebeddc28d674c94dd621d46c21e9cf1b751d	changes/2026-09-23-classic-functional-completion/evidence/v2-restore-reference-observability-01/classic-test-types-green-03.stdout.log
??	1180	0289c8db01933900b16b1156f2cfa35666427bbadfef9215f12062877318ad8e	changes/2026-09-23-classic-functional-completion/evidence/v2-restore-reference-observability-01/classic-test-types-green-03.window.json.log
??	0	e3b0c44298fc1c149afbf4c8996fb92427ae41e4649b934ca495991b7852b855	changes/2026-09-23-classic-functional-completion/evidence/v2-restore-reference-observability-01/classic-test-types-green.stdout.log
??	1177	5c354580b83451615dcd11e93640b240641f00f48ff29ae877d58eb5718a9934	changes/2026-09-23-classic-functional-completion/evidence/v2-restore-reference-observability-01/classic-test-types-green.window.json.log
??	0	e3b0c44298fc1c149afbf4c8996fb92427ae41e4649b934ca495991b7852b855	changes/2026-09-23-classic-functional-completion/evidence/v2-restore-reference-observability-01/classic-test-types-sealed-02.stdout.log
??	1184	36772ab3228d20e8001daa9a97b4c80498da616c7e874fbd87b58b6be43ce4bf	changes/2026-09-23-classic-functional-completion/evidence/v2-restore-reference-observability-01/classic-test-types-sealed-02.window.json.log
??	835	ce63c67aa3bb49abf904a6419a66ebeddc28d674c94dd621d46c21e9cf1b751d	changes/2026-09-23-classic-functional-completion/evidence/v2-restore-reference-observability-01/classic-test-types-sealed.stdout.log
??	1163	5064b1bbaf14af97cbf687b5fa74003144a0732e8d94905425efa8ff0a6d8e46	changes/2026-09-23-classic-functional-completion/evidence/v2-restore-reference-observability-01/classic-test-types-sealed.window.json.log
??	0	e3b0c44298fc1c149afbf4c8996fb92427ae41e4649b934ca495991b7852b855	changes/2026-09-23-classic-functional-completion/evidence/v2-restore-reference-observability-01/classic-test-types.stdout.log
??	1154	c40f4c05090067914009df241a2083722c4d864065c4f47b6a51566bc73efa52	changes/2026-09-23-classic-functional-completion/evidence/v2-restore-reference-observability-01/classic-test-types.window.json.log
??	0	e3b0c44298fc1c149afbf4c8996fb92427ae41e4649b934ca495991b7852b855	changes/2026-09-23-classic-functional-completion/evidence/v2-restore-reference-observability-01/classic-types-final-04.stdout.log
??	1164	36f51ea16060a181bd62827a317a961abd57427cc2f7bb23b955c811aa102a5a	changes/2026-09-23-classic-functional-completion/evidence/v2-restore-reference-observability-01/classic-types-final-04.window.json.log
??	0	e3b0c44298fc1c149afbf4c8996fb92427ae41e4649b934ca495991b7852b855	changes/2026-09-23-classic-functional-completion/evidence/v2-restore-reference-observability-01/classic-types-final-05.stdout.log
??	1167	ca157a035f9d56e61b645bb869f0b1e37fbe34370cb8d1b374bf175ef7684d01	changes/2026-09-23-classic-functional-completion/evidence/v2-restore-reference-observability-01/classic-types-final-05.window.json.log
??	5189	c9e350786b25de2dc3c1e9055aacf00a7d6806572abc70f84cba777fa1df4bb3	changes/2026-09-23-classic-functional-completion/evidence/v2-restore-reference-observability-01/delivery-validation.json
??	7327	b2fa7545618f3a7e91a21923fe87aa02f699a66b452ca1a5826917712abd041f	changes/2026-09-23-classic-functional-completion/evidence/v2-restore-reference-observability-01/diagnosis.json
??	0	e3b0c44298fc1c149afbf4c8996fb92427ae41e4649b934ca495991b7852b855	changes/2026-09-23-classic-functional-completion/evidence/v2-restore-reference-observability-01/eslint-final-02.stdout.log
??	1147	2a2370538c4e7d3c01ecac9f8069fbf62f70145f8c23ca14f16529465a5cca1f	changes/2026-09-23-classic-functional-completion/evidence/v2-restore-reference-observability-01/eslint-final-02.window.json.log
??	0	e3b0c44298fc1c149afbf4c8996fb92427ae41e4649b934ca495991b7852b855	changes/2026-09-23-classic-functional-completion/evidence/v2-restore-reference-observability-01/eslint-final-03.stdout.log
??	1146	3b6af8ac9e86f397ea8a30eb5fbe76282552354f333287d8d5e29f57f34fcf7a	changes/2026-09-23-classic-functional-completion/evidence/v2-restore-reference-observability-01/eslint-final-03.window.json.log
??	628	dc42f4d3d709b5b7ed376313705d8d990d748cefc36f9075e9a54d402b2ee2d3	changes/2026-09-23-classic-functional-completion/evidence/v2-restore-reference-observability-01/eslint-final.stdout.log
??	1126	bf4471b9d58d3bf81371f3bd13afc8d399cef4bf75b8d69cf0597c212f1d2dd4	changes/2026-09-23-classic-functional-completion/evidence/v2-restore-reference-observability-01/eslint-final.window.json.log
??	0	e3b0c44298fc1c149afbf4c8996fb92427ae41e4649b934ca495991b7852b855	changes/2026-09-23-classic-functional-completion/evidence/v2-restore-reference-observability-01/eslint-sealed.stdout.log
??	1137	83d0226600b142200b2d872324ecf9332248251282f89a39649d84f9228c7a34	changes/2026-09-23-classic-functional-completion/evidence/v2-restore-reference-observability-01/eslint-sealed.window.json.log
??	2408	dc38f33e33489624ef676bd404cb13c7fa320f2837a75368137cc725a7045155	changes/2026-09-23-classic-functional-completion/evidence/v2-restore-reference-observability-01/existing-action-owner-diag-01.stdout.log
??	1186	96da37bf41ee35982b209f052dd356fbc98c9cfc04880857848d5a1eb3e7180e	changes/2026-09-23-classic-functional-completion/evidence/v2-restore-reference-observability-01/existing-action-owner-diag-01.window.json.log
??	0	e3b0c44298fc1c149afbf4c8996fb92427ae41e4649b934ca495991b7852b855	changes/2026-09-23-classic-functional-completion/evidence/v2-restore-reference-observability-01/final-selfcheck-02.stdout.log
??	1088	b8e57cd7bbe3ba4868e4ff462cee52f99d09ac26b069b6686e14318fba3902c4	changes/2026-09-23-classic-functional-completion/evidence/v2-restore-reference-observability-01/final-selfcheck-02.window.json.log
??	279	6e9177642ee1c36a3638eb405ca5d21458d5a8d830ff147f49a5081f82279e3d	changes/2026-09-23-classic-functional-completion/evidence/v2-restore-reference-observability-01/final-selfcheck-03.stdout.log
??	1090	7e883ea49252df4c47d69a17260f370fe2659bfddb968183de289aa5ffa305af	changes/2026-09-23-classic-functional-completion/evidence/v2-restore-reference-observability-01/final-selfcheck-03.window.json.log
??	279	6e9177642ee1c36a3638eb405ca5d21458d5a8d830ff147f49a5081f82279e3d	changes/2026-09-23-classic-functional-completion/evidence/v2-restore-reference-observability-01/final-selfcheck.stdout.log
??	1086	61a694da2d888c24c258bca56596f42c485ebdb77d5c485be1608b1005ac2631	changes/2026-09-23-classic-functional-completion/evidence/v2-restore-reference-observability-01/final-selfcheck.window.json.log
??	5771	4de07e8095089fb4028914bf0a2f9f212f519b7d75525c258d1874aff751b07c	changes/2026-09-23-classic-functional-completion/evidence/v2-restore-reference-observability-01/final-selfcheck.zsh
??	76	85daabc49ae16d55f614fdf2108797e90c881180343672474892b8b88ef600de	changes/2026-09-23-classic-functional-completion/evidence/v2-restore-reference-observability-01/focused-format-final-02.stdout.log
??	1172	ba038158faac74b292c2e5b96285fa4e75771e6d521b476398c6cd449ba86663	changes/2026-09-23-classic-functional-completion/evidence/v2-restore-reference-observability-01/focused-format-final-02.window.json.log
??	88	b7787dce4337d396be0eb2a4dd2e6b29d3ac031e94ffc88b6dcd2ea71badbfb9	changes/2026-09-23-classic-functional-completion/evidence/v2-restore-reference-observability-01/focused-format-final.stdout.log
??	1165	81a69612c45fc778366b3d0d48a659f08ec02e3528345717f1e0fbbc82d52cc8	changes/2026-09-23-classic-functional-completion/evidence/v2-restore-reference-observability-01/focused-format-final.window.json.log
??	1018	d6a1e9687843cddba22f0bf110f66ef2320a832705d9fd9ea55475098a9936f0	changes/2026-09-23-classic-functional-completion/evidence/v2-restore-reference-observability-01/focused-green-final-02.stdout.log
??	1165	326ae325c8e14c5d9260f1400c3867cce6d67e888dc324b4e089bcdd3d0b302f	changes/2026-09-23-classic-functional-completion/evidence/v2-restore-reference-observability-01/focused-green-final-02.window.json.log
??	718	e5a40f3b95570ab5cc93dabc8a4f7383fd3147a53090068a3154d5da53dc0067	changes/2026-09-23-classic-functional-completion/evidence/v2-restore-reference-observability-01/focused-green-final-03.stdout.log
??	1161	ff21bd5ad1727a7a5ce1c51a84e7283515195c8eea192f3233bdcdfd7f6d2c92	changes/2026-09-23-classic-functional-completion/evidence/v2-restore-reference-observability-01/focused-green-final-03.window.json.log
??	718	4b95039b25cdadfbbfef925b366844e3c1d81c04a4010d3cf85311d0931f8328	changes/2026-09-23-classic-functional-completion/evidence/v2-restore-reference-observability-01/focused-green-final-04.stdout.log
??	1168	947d9ccae68bf6ac7ff7055cdd555a906913b387fdd9b00e150a6601d8057b87	changes/2026-09-23-classic-functional-completion/evidence/v2-restore-reference-observability-01/focused-green-final-04.window.json.log
??	718	005882501e361a0333618c238bfa1800c6e91523604e3118178878024f213b94	changes/2026-09-23-classic-functional-completion/evidence/v2-restore-reference-observability-01/focused-green-final-05.stdout.log
??	1166	2caf71eff8ecd6663dedd916dab4bc0393e8b967390942e05b624e3c872965fd	changes/2026-09-23-classic-functional-completion/evidence/v2-restore-reference-observability-01/focused-green-final-05.window.json.log
??	1018	ddcedbbb2368941cd6cde7dcdc0696dd4df407f9ce95e0256aeefdd22a90cd4c	changes/2026-09-23-classic-functional-completion/evidence/v2-restore-reference-observability-01/focused-green-final.stdout.log
??	1157	748572783a675862409d927ed4f49a85ab82b7d732c6e27881e7ae2be0e3a32c	changes/2026-09-23-classic-functional-completion/evidence/v2-restore-reference-observability-01/focused-green-final.window.json.log
??	718	ea13e7326be6b918aa77eda53c726d3f1ca4189cad79d7f376d0a00bd356ac2b	changes/2026-09-23-classic-functional-completion/evidence/v2-restore-reference-observability-01/focused-green-sealed-02.stdout.log
??	1161	394bbf0bacda6d2429c8d9b9143b80e763f371c012f621d7a48e971827474bbd	changes/2026-09-23-classic-functional-completion/evidence/v2-restore-reference-observability-01/focused-green-sealed-02.window.json.log
??	718	c6a858de4f407ed5a729668176c053dd5cf084165348be4c834d8f88bdf6fafb	changes/2026-09-23-classic-functional-completion/evidence/v2-restore-reference-observability-01/focused-green-sealed.stdout.log
??	1159	302d9583ddd74ffacd0b2ccd1c987cf2b901c67ae3b94fde8ac28af14ecf6dd3	changes/2026-09-23-classic-functional-completion/evidence/v2-restore-reference-observability-01/focused-green-sealed.window.json.log
??	785	78157527aa9c1246530d43e42e2e4663f44dd22ab9c83287c06794bd1bdec6bb	changes/2026-09-23-classic-functional-completion/evidence/v2-restore-reference-observability-01/format-01.stdout.log
??	1155	f352646976bc599a6d0ee0602b13b28148cd3b990ddd804f7e1438ce1ead5876	changes/2026-09-23-classic-functional-completion/evidence/v2-restore-reference-observability-01/format-01.window.json.log
??	785	fa12a328dd7e828509d34c604878230edc91d22d7e92782b50769245c65a3075	changes/2026-09-23-classic-functional-completion/evidence/v2-restore-reference-observability-01/format-02.stdout.log
??	1158	f972435e7f01d08ec158842e54609c7f22f28c07267268f9c7dd85fa3372fe28	changes/2026-09-23-classic-functional-completion/evidence/v2-restore-reference-observability-01/format-02.window.json.log
??	821	97ae262149951f8e4929425dcd7f10d5ef29574a1392e68fcaf4d10ca221d540	changes/2026-09-23-classic-functional-completion/evidence/v2-restore-reference-observability-01/format-03.stdout.log
??	1142	8ff93b956356a061e7882eef3bcec61d8099680ec81647eb4eb1dae727b8f8c3	changes/2026-09-23-classic-functional-completion/evidence/v2-restore-reference-observability-01/format-03.window.json.log
??	176	292e64318a8e376dfce790c05a25a09a46c4b4321185f56394fd9297231403e4	changes/2026-09-23-classic-functional-completion/evidence/v2-restore-reference-observability-01/format-final-02.stdout.log
??	1136	ae41a0a61f016632aa09cf970df5ab5d9f8279578bc94082e1b5248986f180c7	changes/2026-09-23-classic-functional-completion/evidence/v2-restore-reference-observability-01/format-final-02.window.json.log
??	693	d0189d21edb81b612df4296b87b2e4869a12f002ea2c09aa3914f195c37f835c	changes/2026-09-23-classic-functional-completion/evidence/v2-restore-reference-observability-01/format-final-03.stdout.log
??	1142	fd5335b561511a4ca95b996e90f6c1d01bbad16fca73f01bf274329348527531	changes/2026-09-23-classic-functional-completion/evidence/v2-restore-reference-observability-01/format-final-03.window.json.log
??	704	5e83d5ca4589be69610574ddee160f3511b63a72dd7c84227707a57c44c7cc6a	changes/2026-09-23-classic-functional-completion/evidence/v2-restore-reference-observability-01/format-final-04.stdout.log
??	1150	1ae9df69b6ca35b6c31718f8cadbe622288c24b192bc68b0bdcf39deb83b8ae8	changes/2026-09-23-classic-functional-completion/evidence/v2-restore-reference-observability-01/format-final-04.window.json.log
??	852	cff33356d14a0debc92f17b48b20678331ec8f02222b77cf579906a9c41183cb	changes/2026-09-23-classic-functional-completion/evidence/v2-restore-reference-observability-01/format-final.stdout.log
??	1139	c304cefd3c28c955d5bc8bc7a19b0aab37be907de9f00094bbe160f892fe608a	changes/2026-09-23-classic-functional-completion/evidence/v2-restore-reference-observability-01/format-final.window.json.log
??	148	2936db1f34b1e6a90e3ceb9913889b2c29c19e4dde801946492f67205d4e2bb0	changes/2026-09-23-classic-functional-completion/evidence/v2-restore-reference-observability-01/format-sealed-final.stdout.log
??	1081	fe083931c17657099a278b2cf972bb79128fb1f148d59924e306819c1c213c72	changes/2026-09-23-classic-functional-completion/evidence/v2-restore-reference-observability-01/format-sealed-final.window.json.log
??	2713	a2547da1fa014da3c27e523bd08400360c725ef88d27459aafa5c2b26ecc7dc1	changes/2026-09-23-classic-functional-completion/evidence/v2-restore-reference-observability-01/green-01.stdout.log
??	2736	d11441e3da1271e676b09ac5bffd2baea57058a2f1860e3d3a78283cce2591b0	changes/2026-09-23-classic-functional-completion/evidence/v2-restore-reference-observability-01/green-01.window.json.log
??	1018	34a264ba2a3fa09ec181a52e4aef6ae2bebee0676fc3e6350ef0cd24d43bd0fe	changes/2026-09-23-classic-functional-completion/evidence/v2-restore-reference-observability-01/green-focused-02.stdout.log
??	1177	43530e97d6cf086693ce520bda146502396a2b5b637ae2ab0e80efd938947768	changes/2026-09-23-classic-functional-completion/evidence/v2-restore-reference-observability-01/green-focused-02.window.json.log
??	1018	18e8cbfa7a83be0cb71d0088a458d8933447a1b7561bf552cc8cd19a6d43e7cb	changes/2026-09-23-classic-functional-completion/evidence/v2-restore-reference-observability-01/green-focused-03.stdout.log
??	1175	1b31cc5ec7564000b427681c38b16f99f6ece1ade21aea612acca46d0e5a2126	changes/2026-09-23-classic-functional-completion/evidence/v2-restore-reference-observability-01/green-focused-03.window.json.log
??	826	152b03e315a8ffc9f16e3b4bfc5003945178db9f23ee93846ccfdfaba67de5c0	changes/2026-09-23-classic-functional-completion/evidence/v2-restore-reference-observability-01/main-format-final.stdout.log
??	1095	a52055ba06dddccf49912da48bbaf9ce02f058b9947c6154a5a0d8cff4124369	changes/2026-09-23-classic-functional-completion/evidence/v2-restore-reference-observability-01/main-format-final.window.json.log
??	826	abfaa205f70e5e5fdd8d3f3d5cd05a86dd4fcb1ca6dddd8334dd5ddc4f324f9c	changes/2026-09-23-classic-functional-completion/evidence/v2-restore-reference-observability-01/main-format-sealed.stdout.log
??	1085	46465779b445854054949aff0acecb69ffe7156c8ba1be487ebf99b241f8da37	changes/2026-09-23-classic-functional-completion/evidence/v2-restore-reference-observability-01/main-format-sealed.window.json.log
??	66	17aa973d3f004560237d9a95171210b0671deff23d61628eecf7322ff5938f20	changes/2026-09-23-classic-functional-completion/evidence/v2-restore-reference-observability-01/metadata-format.stdout.log
??	1087	3bee7faf9f0899b78bc438cf3abde9e0c1d88eb50b95c69f0ae93b0319c5870c	changes/2026-09-23-classic-functional-completion/evidence/v2-restore-reference-observability-01/metadata-format.window.json.log
??	13954	33952efcfc6b277d46cd9babb467bc57a0e49360726c843b68ac1b0af4930689	changes/2026-09-23-classic-functional-completion/evidence/v2-restore-reference-observability-01/red-02.stdout.log
??	1146	27ea1c6ec59792d2870ff84f9fc819881e3216a6e98d9b6b1a6c2e9551a07901	changes/2026-09-23-classic-functional-completion/evidence/v2-restore-reference-observability-01/red-02.window.json.log
??	15251	8889d615fd2f178b7a146e64517020ccdbba669a93af9269e3cac613502750bf	changes/2026-09-23-classic-functional-completion/evidence/v2-restore-reference-observability-01/red.stdout.log
??	2720	72e1230d1cb8471a45258854f3b944d0b2f9a2470e90e5e9892a1845c8b93eb5	changes/2026-09-23-classic-functional-completion/evidence/v2-restore-reference-observability-01/red.window.json.log
??	0	e3b0c44298fc1c149afbf4c8996fb92427ae41e4649b934ca495991b7852b855	changes/2026-09-23-classic-functional-completion/evidence/v2-restore-reference-observability-01/root-test-types-final-03.stdout.log
??	1172	0aa70ec3d56689fd0ea5533f4f6765240a920817b5c73fb2457823e1048751be	changes/2026-09-23-classic-functional-completion/evidence/v2-restore-reference-observability-01/root-test-types-final-03.window.json.log
??	0	e3b0c44298fc1c149afbf4c8996fb92427ae41e4649b934ca495991b7852b855	changes/2026-09-23-classic-functional-completion/evidence/v2-restore-reference-observability-01/root-test-types-final.stdout.log
??	1165	28c274bc80300d0e8e5dfc7f607074b1c6e5bb298a3db6dc59e345c3d339059b	changes/2026-09-23-classic-functional-completion/evidence/v2-restore-reference-observability-01/root-test-types-final.window.json.log
??	0	e3b0c44298fc1c149afbf4c8996fb92427ae41e4649b934ca495991b7852b855	changes/2026-09-23-classic-functional-completion/evidence/v2-restore-reference-observability-01/root-test-types-green-02.stdout.log
??	1176	bec9176b5bac47b0d8ac67b6d0e94c8ea45133ac7bb1fd6c74156725e736b4ca	changes/2026-09-23-classic-functional-completion/evidence/v2-restore-reference-observability-01/root-test-types-green-02.window.json.log
??	0	e3b0c44298fc1c149afbf4c8996fb92427ae41e4649b934ca495991b7852b855	changes/2026-09-23-classic-functional-completion/evidence/v2-restore-reference-observability-01/root-test-types-green.stdout.log
??	1166	e23058156891b0522590da791d99419750d511e89fb14fca47af1e93ea672fb9	changes/2026-09-23-classic-functional-completion/evidence/v2-restore-reference-observability-01/root-test-types-green.window.json.log
??	0	e3b0c44298fc1c149afbf4c8996fb92427ae41e4649b934ca495991b7852b855	changes/2026-09-23-classic-functional-completion/evidence/v2-restore-reference-observability-01/root-test-types-sealed.stdout.log
??	1165	136bf6979fd62338f892ba6869ce43dc13c80fb0edaa1c8033e65359385b5d02	changes/2026-09-23-classic-functional-completion/evidence/v2-restore-reference-observability-01/root-test-types-sealed.window.json.log
??	0	e3b0c44298fc1c149afbf4c8996fb92427ae41e4649b934ca495991b7852b855	changes/2026-09-23-classic-functional-completion/evidence/v2-restore-reference-observability-01/root-test-types.stdout.log
??	1145	71a808316072fe4817fa83efdc03d848e82e95c5f975f206b5fa7fd2d2f16b85	changes/2026-09-23-classic-functional-completion/evidence/v2-restore-reference-observability-01/root-test-types.window.json.log
??	522	c0f20417d18d05731e26f68ab2dbe55af675c854d0f654115c9c1bef35fd8b9d	changes/2026-09-23-classic-functional-completion/evidence/v2-restore-reference-observability-01/static-scope-final.stdout.log
??	5401	6bdf950482ed56ce78abf8f855cc0446440ecfc1c411824c9ffad252163f5883	changes/2026-09-23-classic-functional-completion/evidence/v2-restore-reference-observability-01/static-scope-final.window.json.log
??	32	38ac890c60e7f38d59ddfb410325cdfb5fca83c9411765c5481754e01c021630	changes/2026-09-23-classic-functional-completion/evidence/v2-restore-reference-observability-01/stdlib-types-final.stdout.log
??	1153	20fc6a542376b15a0b9e4c8a86ffb66e09d8008a4838ec6d859d7400785ce9fa	changes/2026-09-23-classic-functional-completion/evidence/v2-restore-reference-observability-01/stdlib-types-final.window.json.log
??	413	f74f669623dcb787ea2097ba0acc53eb205b80989a10f12a7ddb9ced8d8f4ffe	changes/2026-09-23-classic-functional-completion/evidence/v2-restore-reference-observability-01/stdlib-types-green-02.stdout.log
??	1162	9c4dced14b4c4efb66d52136a34c2f33dc822b80576a78b6b9b8821fb900cd69	changes/2026-09-23-classic-functional-completion/evidence/v2-restore-reference-observability-01/stdlib-types-green-02.window.json.log
??	32	38ac890c60e7f38d59ddfb410325cdfb5fca83c9411765c5481754e01c021630	changes/2026-09-23-classic-functional-completion/evidence/v2-restore-reference-observability-01/stdlib-types-green-03.stdout.log
??	1164	3f554b51dde8fe61edde298086f1712c3958df9c62164e2444c31dc80211b2fa	changes/2026-09-23-classic-functional-completion/evidence/v2-restore-reference-observability-01/stdlib-types-green-03.window.json.log
??	32	38ac890c60e7f38d59ddfb410325cdfb5fca83c9411765c5481754e01c021630	changes/2026-09-23-classic-functional-completion/evidence/v2-restore-reference-observability-01/stdlib-types-sealed.stdout.log
??	1157	3c483c884302e1a6f541834b06b8d2ab060499e6397753ff432bfdd39f2a0183	changes/2026-09-23-classic-functional-completion/evidence/v2-restore-reference-observability-01/stdlib-types-sealed.window.json.log
??	32	38ac890c60e7f38d59ddfb410325cdfb5fca83c9411765c5481754e01c021630	changes/2026-09-23-classic-functional-completion/evidence/v2-restore-reference-observability-01/stdlib-types.stdout.log
??	1134	e989c2f4dd86eb167aeb9d186fb15a2004ded3c2efbb69b42b9300ccf3330ad4	changes/2026-09-23-classic-functional-completion/evidence/v2-restore-reference-observability-01/stdlib-types.window.json.log
??	279	6c8c94e8672fef8971051361a08e1bec9b4f2bf33ec221707c9c3c69c0cbd8ff	changes/2026-09-23-classic-functional-completion/evidence/v2-restore-reference-observability-01/web-types-final-03.stdout.log
??	1384	290b10e508f51c2946f7a05f49ab53880a72060177f76bbfef3b1c990dd197d7	changes/2026-09-23-classic-functional-completion/evidence/v2-restore-reference-observability-01/web-types-final-03.window.json.log
??	279	6c8c94e8672fef8971051361a08e1bec9b4f2bf33ec221707c9c3c69c0cbd8ff	changes/2026-09-23-classic-functional-completion/evidence/v2-restore-reference-observability-01/web-types-final.stdout.log
??	1375	3f8173334b009452ed998825ce2844905c11523306171bfd2ccd9268e56b253f	changes/2026-09-23-classic-functional-completion/evidence/v2-restore-reference-observability-01/web-types-final.window.json.log
??	279	6c8c94e8672fef8971051361a08e1bec9b4f2bf33ec221707c9c3c69c0cbd8ff	changes/2026-09-23-classic-functional-completion/evidence/v2-restore-reference-observability-01/web-types-green-02.stdout.log
??	1378	4b950959531219eb707fc799f06b56203a187a6456cc0298c00a9c9452fe39ea	changes/2026-09-23-classic-functional-completion/evidence/v2-restore-reference-observability-01/web-types-green-02.window.json.log
??	279	6c8c94e8672fef8971051361a08e1bec9b4f2bf33ec221707c9c3c69c0cbd8ff	changes/2026-09-23-classic-functional-completion/evidence/v2-restore-reference-observability-01/web-types-sealed.stdout.log
??	1370	6c3675a496da3c8c9bf4ced6e5707b86e83301421080ad9b68f5d4feb6d6fa2e	changes/2026-09-23-classic-functional-completion/evidence/v2-restore-reference-observability-01/web-types-sealed.window.json.log
??	279	6c8c94e8672fef8971051361a08e1bec9b4f2bf33ec221707c9c3c69c0cbd8ff	changes/2026-09-23-classic-functional-completion/evidence/v2-restore-reference-observability-01/web-types.stdout.log
??	1351	bbef2020757f3c47eeea644d15581914660fa6e6ef8cb86246e7b85462f39b99	changes/2026-09-23-classic-functional-completion/evidence/v2-restore-reference-observability-01/web-types.window.json.log
??	6766	ada1b08a36ce03cd28036be4f95f7c2e35970d3254568a00fcfa82b64d065e54	changes/2026-09-23-classic-functional-completion/restore-reference-observability-contract.md
??	5992	4f787b0f02a80c79477c0dec78fa49af5b9a08d35c758687080f655b61d15592	changes/2026-09-23-classic-functional-completion/restore-reference-observability-evidence.md
??	4832	546d6f58ffd168c1be89171accc1f05e4cdedae008889212135d1f27f812a524	changes/2026-09-23-cloudflare-pages-migration/spec.md
??	8140	30aed5cc8205c17f9cf6c549899c5569c5d25db1ac116b1926f999df2a74233a	packages/stdlib/src/server/gameplay/modules/climb-surface-model.ts
??	15813	f89307f79f251c88de83f2eae91fc2dc5566598189c1eb7de6a3d08c491e629e	packages/stdlib/src/server/gameplay/modules/route-definition.ts
??	20934	04949e2439399c580cd9e375ff17f3edd77cdb017422620ae01bcd9160351920	packages/stdlib/src/server/gameplay/modules/stateful-block-model.ts
??	18740	c67b37cb535ce51ff019efeea7d52447d7ab8fd9f5ebfdf091fb73b64532e06b	packages/stdlib/src/server/gameplay/modules/transport-model.ts
??	22912	b2f657e4ab69f997c4f9dc5fd650db161a15713029c63cc4ce551901536a2305	packages/stdlib/src/server/gameplay/modules/transport-motion-model.ts
??	12899	df44b5afe5d5b845c497bc122ceb9f798b516eac7422b681d1ecf425bc7be48f	packages/stdlib/src/server/gameplay/modules/transport-motion-values.ts
??	5621	05122d4d5fa3a1d36570427f98d90f4e80c58ed0c8e551d2b0d390d7b90632cf	packages/stdlib/src/server/gameplay/modules/transport-relation-model.ts
??	6223	a6d6169da3b7e0bd6bef1da898d9415d0fae9ba9504eca80f6b60d564c36724d	packages/stdlib/tests/server/climb-surface-model.test.ts
??	10133	14177e191031c3950fafaad5d4bcd1a431c93da3af2acd1a4aac7baea51f1ee5	packages/stdlib/tests/server/route-definition-v1.test.ts
??	8776	0507b4912a5872d7d3e8d04c7ee779197e20b9a91c2bee9d6a92a9f0e41b2f5a	packages/stdlib/tests/server/stateful-block-model.test.ts
??	12017	e1830450ef8b811b5b50a5e91a6ae03b73beefa321708df24d4d6e048e07f330	packages/stdlib/tests/server/transport-model.test.ts
??	20389	f09f2775fcc13bb454b147606bc6b5c68cbced31fd16567b465c5add7bd95ed8	packages/stdlib/tests/server/transport-motion-model.test.ts
??	2554	8d22b1d152804aeecdb45775845121f96ac561ca72307d5284618636580abc2b	packages/stdlib/tests/world/voxel-light-semantics-boundary.test.ts
??	1408	eed96df09f8b071864fc707ce1bbf1a9a10c43d17922b5cdab548a24a99e0c40	playbooks/classic/tests/voxel-light-semantics.test.ts
??	20	b3e94f06083e92373724ff153d1c5b022fbbd041a40daa18458a65e8419b0951	reports/2026-09-23-classic-stage3/browser/appearance-before-draft-save.json
??	46661	3e2f6339ba9127ce700f74a7089f5fb5936d15e086f7ba846bdd8799ce75b849	reports/2026-09-23-classic-stage3/browser/wool-save-reopen.webm
